time_s,temperature_C,pwm_signed,heat_cool
0.12,23.68,0,1
0.25,23.69,0,1
0.38,23.68,0,1
0.52,23.68,0,1
0.65,23.68,0,1
0.78,23.69,0,1
0.91,23.69,0,1
1.04,23.69,0,1
1.18,23.69,0,1
1.31,23.69,0,1
1.44,23.69,0,1
1.57,23.69,0,1
1.7,23.69,0,1
1.84,23.69,0,1
1.97,23.69,0,1
2.1,23.69,0,1
2.23,23.69,0,1
2.36,23.69,0,1
2.5,23.69,0,1
2.63,23.69,0,1
2.76,23.7,0,1
2.89,23.69,8,1
3.02,23.69,8,1
3.16,23.69,8,1
3.29,23.69,8,1
3.42,23.7,8,1
3.55,23.68,8,1
3.68,23.7,8,1
3.82,23.71,8,1
3.95,23.71,8,1
4.08,23.72,8,1
4.21,23.71,8,1
4.34,23.73,8,1
4.48,23.73,8,1
4.61,23.75,8,1
4.74,23.76,8,1
4.87,23.75,8,1
5.0,23.77,8,1
5.14,23.77,8,1
5.27,23.8,8,1
5.4,23.79,8,1
5.53,23.82,8,1
5.66,23.82,8,1
5.8,23.83,8,1
5.93,23.84,8,1
6.06,23.85,8,1
6.19,23.86,8,1
6.32,23.87,8,1
6.46,23.88,8,1
6.59,23.89,8,1
6.72,23.9,8,1
6.85,23.9,8,1
6.98,23.92,8,1
7.11,23.94,8,1
7.25,23.94,8,1
7.38,23.95,8,1
7.51,23.96,10,1
7.64,23.97,10,1
7.78,23.99,10,1
7.91,23.98,10,1
8.04,24.0,9,1
8.17,24.01,10,1
8.31,24.02,9,1
8.44,24.03,9,1
8.57,24.04,9,1
8.7,24.05,9,1
8.83,24.06,9,1
8.97,24.08,9,1
9.1,24.09,9,1
9.23,24.1,9,1
9.36,24.11,9,1
9.49,24.12,9,1
9.62,24.13,9,1
9.76,24.14,9,1
9.89,24.15,9,1
10.02,24.16,9,1
10.15,24.17,9,1
10.28,24.18,9,1
10.42,24.19,9,1
10.55,24.2,9,1
10.68,24.21,8,1
10.81,24.22,8,1
10.94,24.23,8,1
11.08,24.24,8,1
11.21,24.25,8,1
11.34,24.27,8,1
11.47,24.27,8,1
11.61,24.28,8,1
11.74,24.29,8,1
11.87,24.29,8,1
12.0,24.29,8,1
12.13,24.31,8,1
12.27,24.32,8,1
12.4,24.33,8,1
12.53,24.34,8,1
12.66,24.35,8,1
12.79,24.35,8,1
12.93,24.37,8,1
13.06,24.37,8,1
13.19,24.38,8,1
13.32,24.38,8,1
13.45,24.4,8,1
13.59,24.41,8,1
13.72,24.42,7,1
13.85,24.42,7,1
13.98,24.43,7,1
14.11,24.44,7,1
14.25,24.44,7,1
14.38,24.45,7,1
14.51,24.46,7,1
14.64,24.47,7,1
14.77,24.47,7,1
14.91,24.48,7,1
15.04,24.49,7,1
15.17,24.49,7,1
15.3,24.5,7,1
15.43,24.51,7,1
15.57,24.51,7,1
15.7,24.52,7,1
15.83,24.52,7,1
15.96,24.53,7,1
16.09,24.54,7,1
16.23,24.54,7,1
16.36,24.55,7,1
16.49,24.55,7,1
16.62,24.56,7,1
16.75,24.56,7,1
16.89,24.57,7,1
17.02,24.58,7,1
17.15,24.58,7,1
17.28,24.58,7,1
17.42,24.59,7,1
17.55,24.6,7,1
17.68,24.6,6,1
17.81,24.61,6,1
17.94,24.61,6,1
18.08,24.62,6,1
18.21,24.61,6,1
18.34,24.63,6,1
18.47,24.63,6,1
18.6,24.64,6,1
18.74,24.63,6,1
18.87,24.63,6,1
19.0,24.65,6,1
19.13,24.65,6,1
19.26,24.66,6,1
19.4,24.66,6,1
19.53,24.66,6,1
19.66,24.67,6,1
19.79,24.68,6,1
19.92,24.67,6,1
20.06,24.67,6,1
20.19,24.67,6,1
20.32,24.69,6,1
20.45,24.69,6,1
20.58,24.69,6,1
20.72,24.71,6,1
20.85,24.7,6,1
20.98,24.7,6,1
21.11,24.7,6,1
21.24,24.71,6,1
21.38,24.72,6,1
21.51,24.71,6,1
21.64,24.72,6,1
21.77,24.73,6,1
21.9,24.73,6,1
22.04,24.73,6,1
22.17,24.74,6,1
22.3,24.74,6,1
22.43,24.75,6,1
22.56,24.75,6,1
22.7,24.74,6,1
22.83,24.76,6,1
22.96,24.76,6,1
23.09,24.76,6,1
23.22,24.77,6,1
23.36,24.77,6,1
23.49,24.77,6,1
23.62,24.77,6,1
23.75,24.77,6,1
23.88,24.78,6,1
24.02,24.78,6,1
24.15,24.79,6,1
24.28,24.79,6,1
24.41,24.8,5,1
24.55,24.8,5,1
24.68,24.81,5,1
24.81,24.81,5,1
24.94,24.81,5,1
25.07,24.81,5,1
25.21,24.82,5,1
25.34,24.82,5,1
25.47,24.82,5,1
25.6,24.82,5,1
25.73,24.83,5,1
25.87,24.83,5,1
26.0,24.83,5,1
26.13,24.84,5,1
26.26,24.84,5,1
26.39,24.84,75,1
26.53,24.84,75,1
26.66,24.85,75,1
26.79,24.86,75,1
26.92,24.87,75,1
27.06,24.9,75,1
27.19,24.93,75,1
27.32,24.97,75,1
27.45,25.02,75,1
27.58,25.07,74,1
27.72,25.13,74,1
27.85,25.19,74,1
27.98,25.25,74,1
28.11,25.33,73,1
28.24,25.4,73,1
28.38,25.47,73,1
28.51,25.54,72,1
28.64,25.63,72,1
28.77,25.7,72,1
28.91,25.79,71,1
29.04,25.87,71,1
29.17,25.95,70,1
29.3,26.03,70,1
29.43,26.12,69,1
29.57,26.2,69,1
29.7,26.28,69,1
29.83,26.36,68,1
29.96,26.44,68,1
30.1,26.53,111,1
30.23,26.6,110,1
30.36,26.7,109,1
30.49,26.78,108,1
30.63,26.87,107,1
30.76,26.96,106,1
30.89,27.06,106,1
31.02,27.16,105,1
31.16,27.27,104,1
31.29,27.38,103,1
31.42,27.47,102,1
31.55,27.58,100,1
31.69,27.7,100,1
31.82,27.81,98,1
31.95,27.92,97,1
32.08,28.04,96,1
32.22,28.16,95,1
32.35,28.26,94,1
32.48,28.38,93,1
32.61,28.48,92,1
32.75,28.59,90,1
32.88,28.71,89,1
33.01,28.81,88,1
33.14,28.92,87,1
33.28,29.02,86,1
33.41,29.13,85,1
33.54,29.23,84,1
33.67,29.33,83,1
33.81,29.43,82,1
33.94,29.53,81,1
34.07,29.62,80,1
34.2,29.73,79,1
34.34,29.81,78,1
34.47,29.91,77,1
34.6,30.0,76,1
34.73,30.09,75,1
34.87,30.16,74,1
35.0,30.25,73,1
35.13,30.34,73,1
35.26,30.41,72,1
35.39,30.49,71,1
35.53,30.57,70,1
35.66,30.65,69,1
35.79,30.72,69,1
35.92,30.78,68,1
36.06,30.87,67,1
36.19,30.93,66,1
36.32,31.0,66,1
36.45,31.07,65,1
36.59,31.13,64,1
36.72,31.19,64,1
36.85,31.26,63,1
36.98,31.3,62,1
37.11,31.37,62,1
37.25,31.43,61,1
37.38,31.49,61,1
37.51,31.53,60,1
37.64,31.59,59,1
37.78,31.65,59,1
37.91,31.7,58,1
38.04,31.74,58,1
38.17,31.79,57,1
38.31,31.84,57,1
38.44,31.89,56,1
38.57,31.93,56,1
38.7,31.98,55,1
38.84,32.02,55,1
38.97,32.05,54,1
39.1,32.09,54,1
39.23,32.14,54,1
39.36,32.18,53,1
39.5,32.21,53,1
39.63,32.24,52,1
39.76,32.28,52,1
39.89,32.32,52,1
40.03,32.36,51,1
40.16,32.39,51,1
40.29,32.42,51,1
40.42,32.45,50,1
40.55,32.48,50,1
40.69,32.5,50,1
40.82,32.54,49,1
40.95,32.57,49,1
41.08,32.6,49,1
41.21,32.62,49,1
41.35,32.64,48,1
41.48,32.67,48,1
41.61,32.69,48,1
41.74,32.72,48,1
41.88,32.75,47,1
42.01,32.78,47,1
42.14,32.8,47,1
42.27,32.82,46,1
42.4,32.84,46,1
42.54,32.87,46,1
42.67,32.89,46,1
42.8,32.91,46,1
42.93,32.93,45,1
43.06,32.96,45,1
43.2,32.98,45,1
43.33,33.0,45,1
43.46,33.01,44,1
43.59,33.03,44,1
43.73,33.05,44,1
43.86,33.07,44,1
43.99,33.09,44,1
44.12,33.11,44,1
44.26,33.13,43,1
44.39,33.15,43,1
44.52,33.16,43,1
44.65,33.18,43,1
44.78,33.19,43,1
44.92,33.21,42,1
45.05,33.23,42,1
45.18,33.24,42,1
45.31,33.25,42,1
45.44,33.28,42,1
45.58,33.29,42,1
45.71,33.31,41,1
45.84,33.33,41,1
45.97,33.34,41,1
46.11,33.35,41,1
46.24,33.37,41,1
46.37,33.38,41,1
46.5,33.4,41,1
46.63,33.4,40,1
46.77,33.42,40,1
46.9,33.43,40,1
47.03,33.44,40,1
47.16,33.46,40,1
47.29,33.47,40,1
47.43,33.49,40,1
47.56,33.5,40,1
47.69,33.52,39,1
47.82,33.53,39,1
47.96,33.54,39,1
48.09,33.56,39,1
48.22,33.57,39,1
48.35,33.58,39,1
48.48,33.59,39,1
48.62,33.59,38,1
48.75,33.62,38,1
48.88,33.62,38,1
49.01,33.64,38,1
49.14,33.64,38,1
49.28,33.65,38,1
49.41,33.67,38,1
49.54,33.68,38,1
49.67,33.7,38,1
49.81,33.71,37,1
49.94,33.72,37,1
50.07,33.73,37,1
50.2,33.74,37,1
50.33,33.75,37,1
50.47,33.76,37,1
50.6,33.77,37,1
50.73,33.78,37,1
50.86,33.79,37,1
51.0,33.8,36,1
51.13,33.81,36,1
51.26,33.82,36,1
51.39,33.83,36,1
51.52,33.84,36,1
51.65,33.85,36,1
51.79,33.86,36,1
51.92,33.87,36,1
52.05,33.87,36,1
52.18,33.89,36,1
52.32,33.89,36,1
52.45,33.91,35,1
52.58,33.92,35,1
52.71,33.93,35,1
52.84,33.94,35,1
52.98,33.94,35,1
53.11,33.96,35,1
53.24,33.96,35,1
53.37,33.97,35,1
53.51,33.98,35,1
53.64,33.99,35,1
53.77,33.99,34,1
53.9,34.0,34,1
54.03,34.01,34,1
54.17,34.02,34,1
54.3,34.03,34,1
54.43,34.03,34,1
54.56,34.05,34,1
54.69,34.05,34,1
54.83,34.06,34,1
54.96,34.07,34,1
55.09,34.07,34,1
55.22,34.09,34,1
55.35,34.09,34,1
55.49,34.11,33,1
55.62,34.11,33,1
55.75,34.12,33,1
55.88,34.13,33,1
56.02,34.14,33,1
56.15,34.15,33,1
56.28,34.16,33,1
56.41,34.16,33,1
56.54,34.17,33,1
56.68,34.18,33,1
56.81,34.19,33,1
56.94,34.19,32,1
57.07,34.19,32,1
57.2,34.21,32,1
57.34,34.21,32,1
57.47,34.22,32,1
57.6,34.22,32,1
57.73,34.23,32,1
57.87,34.24,32,1
58.0,34.24,32,1
58.13,34.25,32,1
58.26,34.26,32,1
58.39,34.26,32,1
58.53,34.27,32,1
58.66,34.28,32,1
58.79,34.28,32,1
58.92,34.29,31,1
59.05,34.3,31,1
59.19,34.31,31,1
59.32,34.31,31,1
59.45,34.32,31,1
59.58,34.33,31,1
59.71,34.33,31,1
59.85,34.34,31,1
59.98,34.34,31,1
60.11,34.35,31,1
60.24,34.36,31,1
60.38,34.36,31,1
60.51,34.37,31,1
60.64,34.37,31,1
60.77,34.38,31,1
60.9,34.38,31,1
61.04,34.39,30,1
61.17,34.39,30,1
61.3,34.39,30,1
61.43,34.4,30,1
61.56,34.41,30,1
61.7,34.41,30,1
61.83,34.42,30,1
61.96,34.42,30,1
62.09,34.43,30,1
62.22,34.43,30,1
62.36,34.44,30,1
62.49,34.44,30,1
62.62,34.45,30,1
62.75,34.45,30,1
62.88,34.45,30,1
63.02,34.46,30,1
63.15,34.47,30,1
63.28,34.47,30,1
63.41,34.48,30,1
63.55,34.48,30,1
63.68,34.49,29,1
63.81,34.5,29,1
63.94,34.5,29,1
64.07,34.5,29,1
64.21,34.51,29,1
64.34,34.52,29,1
64.47,34.52,29,1
64.6,34.53,29,1
64.73,34.53,29,1
64.87,34.53,29,1
65.0,34.54,29,1
65.13,34.54,29,1
65.26,34.54,29,1
65.39,34.55,29,1
65.53,34.56,29,1
65.66,34.56,29,1
65.79,34.56,29,1
65.92,34.57,29,1
66.06,34.57,29,1
66.19,34.58,29,1
66.32,34.58,29,1
66.45,34.58,28,1
66.58,34.58,28,1
66.72,34.59,28,1
66.85,34.59,28,1
66.98,34.59,28,1
67.11,34.6,28,1
67.25,34.6,28,1
67.38,34.61,28,1
67.51,34.61,28,1
67.64,34.61,28,1
67.77,34.62,28,1
67.9,34.62,28,1
68.04,34.63,28,1
68.17,34.62,28,1
68.3,34.63,28,1
68.43,34.63,28,1
68.57,34.63,28,1
68.7,34.64,28,1
68.83,34.64,28,1
68.96,34.64,28,1
69.09,34.65,28,1
69.23,34.65,28,1
69.36,34.66,28,1
69.49,34.66,28,1
69.62,34.66,28,1
69.75,34.67,28,1
69.89,34.67,28,1
70.02,34.68,28,1
70.15,34.68,28,1
70.28,34.69,27,1
70.42,34.69,27,1
70.55,34.69,27,1
70.68,34.7,27,1
70.81,34.7,27,1
70.94,34.7,27,1
71.08,34.7,27,1
71.21,34.71,27,1
71.34,34.71,27,1
71.47,34.71,27,1
71.61,34.71,27,1
71.74,34.72,27,1
71.87,34.72,27,1
72.0,34.73,27,1
72.13,34.73,27,1
72.26,34.73,27,1
72.4,34.73,27,1
72.53,34.74,27,1
72.66,34.74,27,1
72.79,34.74,27,1
72.93,34.74,27,1
73.06,34.75,27,1
73.19,34.75,27,1
73.32,34.75,27,1
73.45,34.76,27,1
73.59,34.76,27,1
73.72,34.76,27,1
73.85,34.76,27,1
73.98,34.77,27,1
74.11,34.77,27,1
74.25,34.77,27,1
74.38,34.77,27,1
74.51,34.78,27,1
74.64,34.78,27,1
74.77,34.77,26,1
74.91,34.78,26,1
75.04,34.79,27,1
75.17,34.78,26,1
75.3,34.78,26,1
75.44,34.79,26,1
75.57,34.79,26,1
75.7,34.79,26,1
75.83,34.79,26,1
75.96,34.8,26,1
76.1,34.8,26,1
76.23,34.8,26,1
76.36,34.8,26,1
76.49,34.8,26,1
76.62,34.81,26,1
76.76,34.81,26,1
76.89,34.81,26,1
77.02,34.81,26,1
77.15,34.82,26,1
77.29,34.82,26,1
77.42,34.82,26,1
77.55,34.82,26,1
77.68,34.82,26,1
77.81,34.83,26,1
77.95,34.83,26,1
78.08,34.83,26,1
78.21,34.83,26,1
78.34,34.83,26,1
78.47,34.84,26,1
78.61,34.84,26,1
78.74,34.84,26,1
78.87,34.85,26,1
79.0,34.84,26,1
79.13,34.85,26,1
79.27,34.85,26,1
79.4,34.85,26,1
79.53,34.85,26,1
79.66,34.85,26,1
79.8,34.85,26,1
79.93,34.86,26,1
80.06,34.86,26,1
80.19,34.86,26,1
80.32,34.86,26,1
80.46,34.86,26,1
80.59,34.87,26,1
80.72,34.87,26,1
80.85,34.87,26,1
80.98,34.87,26,1
81.12,34.87,26,1
81.25,34.88,26,1
81.38,34.88,26,1
81.51,34.89,25,1
81.64,34.89,25,1
81.78,34.89,25,1
81.91,34.89,25,1
82.04,34.89,25,1
82.17,34.9,25,1
82.31,34.9,25,1
82.44,34.9,25,1
82.57,34.9,25,1
82.7,34.9,25,1
82.83,34.91,25,1
82.97,34.91,25,1
83.1,34.91,25,1
83.23,34.91,25,1
83.36,34.91,25,1
83.49,34.91,25,1
83.63,34.91,25,1
83.76,34.91,25,1
83.89,34.92,25,1
84.02,34.91,25,1
84.15,34.92,25,1
84.29,34.92,25,1
84.42,34.92,25,1
84.55,34.92,25,1
84.68,34.92,25,1
84.81,34.92,25,1
84.95,34.93,25,1
85.08,34.92,25,1
85.21,34.92,25,1
85.34,34.93,25,1
85.48,34.93,25,1
85.61,34.93,25,1
85.74,34.93,25,1
85.87,34.93,25,1
86.0,34.93,25,1
86.14,34.93,25,1
86.27,34.93,25,1
86.4,34.94,25,1
86.53,34.94,25,1
86.66,34.94,25,1
86.8,34.94,25,1
86.93,34.94,25,1
87.06,34.94,25,1
87.19,34.94,25,1
87.32,34.94,25,1
87.46,34.95,25,1
87.59,34.95,25,1
87.72,34.95,25,1
87.85,34.95,25,1
87.99,34.95,25,1
88.12,34.95,25,1
88.25,34.95,25,1
88.38,34.95,25,1
88.51,34.95,25,1
88.65,34.95,25,1
88.78,34.96,25,1
88.91,34.96,25,1
89.04,34.96,25,1
89.18,34.96,25,1
89.31,34.96,25,1
89.44,34.96,25,1
89.57,34.96,25,1
89.7,34.97,25,1
89.83,34.97,25,1
89.97,34.97,25,1
90.1,34.97,25,1
90.23,34.97,25,1
90.36,34.97,25,1
90.5,34.97,25,1
90.63,34.98,25,1
90.76,34.97,25,1
90.89,34.98,24,1
91.02,34.98,25,1
91.16,34.97,24,1
91.29,34.98,24,1
91.42,34.98,25,1
91.55,34.98,24,1
91.69,34.98,24,1
91.82,34.98,24,1
91.95,34.98,24,1
92.08,34.98,24,1
92.21,34.98,24,1
92.35,34.98,24,1
92.48,34.98,24,1
92.61,34.99,24,1
92.74,34.98,24,1
92.87,34.98,24,1
93.01,34.98,24,1
93.14,34.99,24,1
93.27,34.99,24,1
93.4,34.98,24,1
93.54,34.99,24,1
93.67,34.98,24,1
93.8,34.99,24,1
93.93,34.98,24,1
94.06,34.99,24,1
94.2,34.99,24,1
94.33,34.99,24,1
94.46,34.98,24,1
94.59,34.99,24,1
94.72,34.99,24,1
94.86,34.99,24,1
94.99,34.99,24,1
95.12,34.99,24,1
95.25,34.99,24,1
95.38,34.99,24,1
95.52,34.99,24,1
95.65,34.99,24,1
95.78,35.0,24,1
95.91,35.0,24,1
96.05,35.0,24,1
96.18,34.99,24,1
96.31,34.99,24,1
96.44,35.0,24,1
96.57,34.99,24,1
96.71,34.99,24,1
96.84,34.99,24,1
96.97,34.99,24,1
97.1,34.99,24,1
97.23,34.99,24,1
97.37,35.0,24,1
97.5,35.0,24,1
97.63,35.0,24,1
97.76,35.0,24,1
97.89,34.99,24,1
98.03,35.01,-170,0
98.16,35.0,-170,0
98.29,35.0,-170,0
98.42,34.99,-170,0
98.55,34.97,-170,0
98.69,34.92,-170,0
98.82,34.88,-170,0
98.95,34.82,-170,0
99.08,34.76,-169,0
99.22,34.69,-169,0
99.35,34.62,-168,0
99.48,34.53,-167,0
99.61,34.44,-167,0
99.75,34.35,-166,0
99.88,34.26,-165,0
100.01,34.16,-164,0
100.14,34.07,-163,0
100.28,33.97,-162,0
100.41,33.87,-161,0
100.54,33.77,-160,0
100.67,33.66,-159,0
100.81,33.56,-158,0
100.94,33.46,-157,0
101.07,33.36,-156,0
101.2,33.25,-155,0
101.34,33.14,-154,0
101.47,33.04,-153,0
101.6,32.94,-152,0
101.73,32.84,-151,0
101.87,32.73,-150,0
102.0,32.64,-149,0
102.13,32.53,-148,0
102.26,32.44,-147,0
102.4,32.34,-146,0
102.53,32.24,-145,0
102.66,32.15,-144,0
102.8,32.05,-143,0
102.93,31.95,-142,0
103.06,31.85,-141,0
103.19,31.76,-140,0
103.33,31.67,-139,0
103.46,31.58,-138,0
103.59,31.49,-137,0
103.72,31.4,-136,0
103.86,31.31,-135,0
103.99,31.23,-134,0
104.12,31.14,-133,0
104.25,31.06,-133,0
104.39,30.98,-132,0
104.52,30.89,-131,0
104.65,30.81,-130,0
104.78,30.73,-129,0
104.92,30.65,-128,0
105.05,30.57,-128,0
105.18,30.49,-127,0
105.31,30.42,-126,0
105.45,30.34,-125,0
105.58,30.26,-125,0
105.71,30.2,-124,0
105.84,30.12,-123,0
105.98,30.05,-122,0
106.11,29.98,-122,0
106.24,29.91,-121,0
106.37,29.84,-120,0
106.51,29.77,-119,0
106.64,29.7,-119,0
106.77,29.64,-118,0
106.9,29.57,-117,0
107.04,29.51,-117,0
107.17,29.44,-116,0
107.3,29.38,-115,0
107.43,29.32,-115,0
107.57,29.25,-114,0
107.7,29.2,-114,0
107.83,29.14,-113,0
107.96,29.07,-112,0
108.09,29.02,-112,0
108.23,28.96,-111,0
108.36,28.9,-111,0
108.49,28.85,-110,0
108.62,28.79,-109,0
108.76,28.73,-109,0
108.89,28.69,-108,0
109.02,28.62,-108,0
109.15,28.57,-107,0
109.29,28.52,-107,0
109.42,28.47,-106,0
109.55,28.42,-106,0
109.68,28.36,-105,0
109.82,28.32,-105,0
109.95,28.26,-104,0
110.08,28.22,-104,0
110.21,28.17,-103,0
110.35,28.12,-103,0
110.48,28.08,-102,0
110.61,28.02,-102,0
110.74,27.98,-101,0
110.87,27.93,-101,0
111.01,27.88,-100,0
111.14,27.83,-100,0
111.27,27.79,-99,0
111.4,27.75,-99,0
111.54,27.71,-98,0
111.67,27.66,-98,0
111.8,27.62,-97,0
111.93,27.57,-97,0
112.07,27.54,-97,0
112.2,27.49,-96,0
112.33,27.46,-96,0
112.46,27.41,-95,0
112.59,27.37,-95,0
112.73,27.33,-94,0
112.86,27.29,-94,0
112.99,27.25,-94,0
113.12,27.21,-93,0
113.26,27.17,-93,0
113.39,27.14,-92,0
113.52,27.09,-92,0
113.65,27.06,-92,0
113.79,27.02,-91,0
113.92,26.98,-91,0
114.05,26.95,-91,0
114.18,26.91,-90,0
114.31,26.87,-90,0
114.45,26.84,-89,0
114.58,26.8,-89,0
114.71,26.77,-89,0
114.84,26.73,-88,0
114.98,26.69,-88,0
115.11,26.66,-88,0
115.24,26.63,-87,0
115.37,26.59,-87,0
115.51,26.56,-87,0
115.64,26.53,-86,0
115.77,26.49,-86,0
115.9,26.46,-86,0
116.04,26.43,-85,0
116.17,26.39,-85,0
116.3,26.36,-85,0
116.43,26.33,-84,0
116.56,26.3,-84,0
116.7,26.27,-84,0
116.83,26.24,-83,0
116.96,26.2,-83,0
117.09,26.17,-83,0
117.22,26.15,-82,0
117.36,26.11,-82,0
117.49,26.08,-82,0
117.62,26.05,-81,0
117.75,26.02,-81,0
117.89,25.99,-81,0
118.02,25.96,-81,0
118.15,25.93,-80,0
118.28,25.9,-80,0
118.42,25.88,-80,0
118.55,25.85,-79,0
118.68,25.82,-79,0
118.81,25.79,-79,0
118.94,25.77,-79,0
119.08,25.73,-78,0
119.21,25.71,-78,0
119.34,25.68,-78,0
119.47,25.65,-77,0
119.61,25.63,-77,0
119.74,25.6,-77,0
119.87,25.57,-77,0
120.0,25.54,-76,0
120.13,25.52,-76,0
120.27,25.49,-76,0
120.4,25.46,-76,0
120.53,25.44,-75,0
120.66,25.41,-75,0
120.8,25.39,-75,0
120.93,25.36,-74,0
121.06,25.34,-74,0
121.19,25.31,-74,0
121.32,25.28,-74,0
121.46,25.26,-73,0
121.59,25.24,-73,0
121.72,25.21,-73,0
121.85,25.18,-73,0
121.99,25.16,-72,0
122.12,25.14,-72,0
122.25,25.11,-72,0
122.38,25.09,-72,0
122.52,25.07,-71,0
122.65,25.04,-71,0
122.78,25.01,-71,0
122.91,24.99,-71,0
123.04,24.96,-70,0
123.18,24.95,-70,0
123.31,24.92,-70,0
123.44,24.9,-70,0
123.57,24.87,-70,0
123.71,24.85,-69,0
123.84,24.82,-69,0
123.97,24.8,-69,0
124.1,24.78,-69,0
124.23,24.76,-68,0
124.37,24.74,-68,0
124.5,24.72,-68,0
124.63,24.69,-68,0
124.76,24.67,-68,0
124.9,24.65,-67,0
125.03,24.63,-67,0
125.16,24.6,-67,0
125.29,24.59,-67,0
125.43,24.56,-66,0
125.56,24.55,-66,0
125.69,24.53,-66,0
125.82,24.51,-66,0
125.95,24.49,-66,0
126.09,24.46,-65,0
126.22,24.44,-65,0
126.35,24.42,-65,0
126.48,24.4,-65,0
126.61,24.38,-65,0
126.75,24.36,-64,0
126.88,24.34,-64,0
127.01,24.32,-64,0
127.14,24.3,-64,0
127.28,24.28,-64,0
127.41,24.26,-63,0
127.54,24.24,-63,0
127.67,24.22,-63,0
127.8,24.21,-63,0
127.94,24.19,-63,0
128.07,24.17,-62,0
128.2,24.15,-62,0
128.33,24.13,-62,0
128.47,24.11,-62,0
128.6,24.09,-62,0
128.73,24.08,-61,0
128.86,24.06,-61,0
129.0,24.04,-61,0
129.13,24.02,-61,0
129.26,24.0,-61,0
129.39,23.98,-61,0
129.52,23.97,-60,0
129.66,23.95,-60,0
129.79,23.93,-60,0
129.92,23.92,-60,0
130.05,23.9,-60,0
130.18,23.88,-60,0
130.32,23.86,-59,0
130.45,23.85,-59,0
130.58,23.83,-59,0
130.71,23.81,-59,0
130.85,23.8,-59,0
130.98,23.78,-58,0
131.11,23.77,-58,0
131.24,23.75,-58,0
131.38,23.73,-58,0
131.51,23.72,-58,0
131.64,23.7,-58,0
131.77,23.68,-58,0
131.9,23.66,-57,0
132.04,23.65,-57,0
132.17,23.64,-57,0
132.3,23.62,-57,0
132.43,23.6,-57,0
132.56,23.59,-57,0
132.7,23.57,-56,0
132.83,23.56,-56,0
132.96,23.54,-56,0
133.09,23.52,-56,0
133.23,23.51,-56,0
133.36,23.49,-56,0
133.49,23.48,-55,0
133.62,23.47,-55,0
133.75,23.45,-55,0
133.89,23.43,-55,0
134.02,23.42,-55,0
134.15,23.4,-55,0
134.28,23.39,-55,0
134.41,23.38,-54,0
134.55,23.36,-54,0
134.68,23.35,-54,0
134.81,23.34,-54,0
134.94,23.32,-54,0
135.08,23.3,-54,0
135.21,23.29,-54,0
135.34,23.28,-53,0
135.47,23.26,-53,0
135.61,23.25,-53,0
135.74,23.23,-53,0
135.87,23.22,-53,0
136.0,23.2,-53,0
136.13,23.19,-53,0
136.27,23.18,-52,0
136.4,23.16,-52,0
136.53,23.15,-52,0
136.66,23.14,-52,0
136.8,23.12,-52,0
136.93,23.11,-52,0
137.06,23.1,-52,0
137.19,23.08,-51,0
137.32,23.07,0,1
137.46,23.06,0,1
137.59,23.04,0,1
137.72,23.04,0,1
137.85,23.03,0,1
137.99,23.02,0,1
138.12,23.02,0,1
138.25,23.02,0,1
138.38,23.03,0,1
138.51,23.03,0,1
138.65,23.03,0,1
138.78,23.04,0,1
138.91,23.05,0,1
139.04,23.06,0,1
139.17,23.07,0,1
139.3,23.07,0,1
139.44,23.09,0,1
139.57,23.09,0,1
139.7,23.11,0,1
139.83,23.11,0,1
139.97,23.13,0,1
140.1,23.14,0,1
140.23,23.15,0,1
140.36,23.16,0,1
140.49,23.17,0,1
140.63,23.18,0,1
140.76,23.19,0,1
140.89,23.2,0,1
141.02,23.21,0,1
141.16,23.22,0,1
141.29,23.24,0,1
141.42,23.24,0,1
141.55,23.25,0,1
141.68,23.26,0,1
141.82,23.27,0,1
141.95,23.28,0,1
142.08,23.3,0,1
142.21,23.31,0,1
142.34,23.32,0,1
142.48,23.32,0,1
142.61,23.33,0,1
142.74,23.34,0,1
142.87,23.35,0,1
143.0,23.36,0,1
143.14,23.37,0,1
143.27,23.38,0,1
143.4,23.39,0,1
143.53,23.4,0,1
143.66,23.4,0,1
143.8,23.41,0,1
143.93,23.42,0,1
144.06,23.43,0,1
144.19,23.44,0,1
144.33,23.44,0,1
144.46,23.45,0,1
144.59,23.46,0,1
144.72,23.47,0,1
144.85,23.47,0,1
144.99,23.48,0,1
145.12,23.49,0,1
145.25,23.49,0,1
145.38,23.5,0,1
145.51,23.51,0,1
145.65,23.52,0,1
145.78,23.52,0,1
145.91,23.53,0,1
146.04,23.54,0,1
146.17,23.54,0,1
146.31,23.55,0,1
146.44,23.55,0,1
146.57,23.56,0,1
146.7,23.57,0,1
146.84,23.57,0,1
146.97,23.58,0,1
147.1,23.58,0,1
147.23,23.59,0,1
147.36,23.59,0,1
147.5,23.6,0,1
147.63,23.6,0,1
147.76,23.61,0,1
147.89,23.61,0,1
148.02,23.62,0,1
148.16,23.63,0,1
148.29,23.63,0,1
148.42,23.63,0,1
148.55,23.64,0,1
148.68,23.64,0,1
148.82,23.65,0,1
148.95,23.65,0,1
149.08,23.65,0,1
149.21,23.66,0,1
149.35,23.66,0,1
149.48,23.67,0,1
149.61,23.67,0,1
149.74,23.67,0,1
149.87,23.68,0,1
150.01,23.68,0,1
150.14,23.69,0,1
150.27,23.69,0,1
150.4,23.69,0,1
150.53,23.7,0,1
150.67,23.7,0,1
150.8,23.7,0,1
150.93,23.71,0,1
151.06,23.71,0,1
151.19,23.71,0,1
151.33,23.71,0,1
151.46,23.72,0,1
151.59,23.72,0,1
151.72,23.73,0,1
151.86,23.73,0,1
151.99,23.73,0,1
152.12,23.74,0,1
152.25,23.74,0,1
152.38,23.74,0,1
152.52,23.74,0,1
152.65,23.75,0,1
152.78,23.75,0,1
152.91,23.75,0,1
153.04,23.75,0,1
153.18,23.76,0,1
153.31,23.76,0,1
153.44,23.76,0,1
153.57,23.76,0,1
153.7,23.77,0,1
153.84,23.77,0,1
153.97,23.77,0,1
154.1,23.78,0,1
154.23,23.78,0,1
154.36,23.78,0,1
154.5,23.78,0,1
154.63,23.78,0,1
154.76,23.79,0,1
154.89,23.79,0,1
155.02,23.79,0,1
155.16,23.79,0,1
155.29,23.79,0,1
155.42,23.8,0,1
155.55,23.8,0,1
155.69,23.8,0,1
155.82,23.8,0,1
155.95,23.8,0,1
156.08,23.81,0,1
156.21,23.81,0,1
156.35,23.81,0,1
156.48,23.81,0,1
156.61,23.81,0,1
156.74,23.81,0,1
156.87,23.82,0,1
157.01,23.82,0,1
157.14,23.82,0,1
157.27,23.82,0,1
157.4,23.82,0,1
157.54,23.82,0,1
157.67,23.83,0,1
157.8,23.83,0,1
157.93,23.83,0,1
158.06,23.83,0,1
158.2,23.84,0,1
158.33,23.84,0,1
158.46,23.84,0,1
158.59,23.85,0,1
158.72,23.84,0,1
158.86,23.85,0,1
158.99,23.84,0,1
159.12,23.84,0,1
159.25,23.84,0,1
159.38,23.85,0,1
159.52,23.85,0,1
159.65,23.85,0,1
159.78,23.85,0,1
159.91,23.86,0,1
160.05,23.85,0,1
160.18,23.85,0,1
160.31,23.86,0,1
160.44,23.85,0,1
160.57,23.86,0,1
160.71,23.87,0,1
160.84,23.86,0,1
160.97,23.86,0,1
161.1,23.86,0,1
161.23,23.86,0,1
161.37,23.87,0,1
161.5,23.87,0,1
161.63,23.87,0,1
161.76,23.87,0,1
161.89,23.87,0,1
162.03,23.87,0,1
162.16,23.87,0,1
162.29,23.87,0,1
162.42,23.87,0,1
162.55,23.87,0,1
162.69,23.88,0,1
162.82,23.88,0,1
162.95,23.88,0,1
163.08,23.88,0,1
163.22,23.88,0,1
163.35,23.88,0,1
163.48,23.88,0,1
163.61,23.88,0,1
163.74,23.88,0,1
163.88,23.88,0,1
164.01,23.89,0,1
164.14,23.89,0,1
164.27,23.89,0,1
164.4,23.89,0,1
164.54,23.89,0,1
164.67,23.89,0,1
164.8,23.89,0,1
164.93,23.89,0,1
165.06,23.89,0,1
165.2,23.9,0,1
165.33,23.89,0,1
165.46,23.9,0,1
165.59,23.9,0,1
165.73,23.9,0,1
165.86,23.9,0,1
165.99,23.9,0,1
166.12,23.9,0,1
166.25,23.9,0,1
166.38,23.9,0,1
166.52,23.9,0,1
166.65,23.91,0,1
166.78,23.91,0,1
166.91,23.91,0,1
167.05,23.91,0,1
167.18,23.91,0,1
167.31,23.91,0,1
167.44,23.91,0,1
167.57,23.91,0,1
167.71,23.91,0,1
167.84,23.91,0,1
167.97,23.91,0,1
168.1,23.91,0,1
168.24,23.92,0,1
168.37,23.91,0,1
168.5,23.92,0,1
168.63,23.92,0,1
168.76,23.92,0,1
168.9,23.92,0,1
169.03,23.92,0,1
169.16,23.92,0,1
169.29,23.92,0,1
169.42,23.92,0,1
169.55,23.92,0,1
169.69,23.92,0,1
169.82,23.92,0,1
169.95,23.92,0,1
170.08,23.92,0,1
170.22,23.92,0,1
170.35,23.92,0,1
170.48,23.92,0,1
170.61,23.93,0,1
170.74,23.93,0,1
170.88,23.93,0,1
171.01,23.93,0,1
171.14,23.93,0,1
171.27,23.93,0,1
171.41,23.93,0,1
171.54,23.93,0,1
171.67,23.93,0,1
171.8,23.93,0,1
171.93,23.93,0,1
172.07,23.93,0,1
172.2,23.93,0,1
172.33,23.93,0,1
172.46,23.93,0,1
172.59,23.93,0,1
172.73,23.93,0,1
172.86,23.93,0,1
172.99,23.93,0,1
173.12,23.94,0,1
173.25,23.93,0,1
173.39,23.93,0,1
173.52,23.94,0,1
173.65,23.94,0,1
173.78,23.94,0,1
173.91,23.94,0,1
174.05,23.94,0,1
174.18,23.94,0,1
174.31,23.94,0,1
174.44,23.94,0,1
174.58,23.94,0,1
174.71,23.94,0,1
174.84,23.94,0,1
174.97,23.94,0,1
175.1,23.94,0,1
175.24,23.94,0,1
175.37,23.94,0,1
175.5,23.94,0,1
175.63,23.94,0,1
175.76,23.94,0,1
175.9,23.94,0,1
176.03,23.94,0,1
176.16,23.94,0,1
176.29,23.94,0,1
176.42,23.94,0,1
176.56,23.94,0,1
176.69,23.94,0,1
176.82,23.94,0,1
176.95,23.94,0,1
177.09,23.94,0,1
177.22,23.94,0,1
177.35,23.94,0,1
177.48,23.95,0,1
177.61,23.95,0,1
177.75,23.94,0,1
177.88,23.94,0,1
178.01,23.95,0,1
178.14,23.95,0,1
178.27,23.95,0,1
178.41,23.95,0,1
178.54,23.95,0,1
178.67,23.95,0,1
178.8,23.95,0,1
178.93,23.95,0,1
179.07,23.95,0,1
179.2,23.95,0,1
179.33,23.95,0,1
179.46,23.95,0,1
179.6,23.95,0,1
179.73,23.95,0,1
179.86,23.95,0,1
179.99,23.95,0,1
180.12,23.95,0,1
180.26,23.95,0,1
180.39,23.95,0,1
180.52,23.95,0,1
180.65,23.95,0,1
180.78,23.95,0,1
180.92,23.95,0,1
181.05,23.95,0,1
181.18,23.95,0,1
181.31,23.95,0,1
181.44,23.95,0,1
181.58,23.95,0,1
181.71,23.95,0,1
181.84,23.95,0,1
181.97,23.95,0,1
182.11,23.95,0,1
182.24,23.95,0,1
182.37,23.95,0,1
182.5,23.95,0,1
182.63,23.95,0,1
182.77,23.95,0,1
182.9,23.95,0,1
183.03,23.96,0,1
183.16,23.96,0,1
183.29,23.95,0,1
183.43,23.96,0,1
183.56,23.95,0,1
183.69,23.95,0,1
183.82,23.95,0,1
183.95,23.95,0,1
184.09,23.96,0,1
184.22,23.95,0,1
184.35,23.95,0,1
184.48,23.96,0,1
184.61,23.95,0,1
184.75,23.96,0,1
184.88,23.96,0,1
185.01,23.96,0,1
185.14,23.96,0,1
185.27,23.96,0,1
185.41,23.96,0,1
185.54,23.96,0,1
185.67,23.96,0,1
185.8,23.96,0,1
185.94,23.96,0,1
186.07,23.96,0,1
186.2,23.95,0,1
186.33,23.96,0,1
186.46,23.96,0,1
186.6,23.95,0,1
186.73,23.96,0,1
186.86,23.96,0,1
186.99,23.96,0,1
187.12,23.95,0,1
187.26,23.96,0,1
187.39,23.96,0,1
187.52,23.96,0,1
187.65,23.95,0,1
187.79,23.96,0,1
187.92,23.96,0,1
188.05,23.96,0,1
188.18,23.96,0,1
188.31,23.96,0,1
188.45,23.96,0,1
188.58,23.96,0,1
188.71,23.96,0,1
188.84,23.96,0,1
188.97,23.96,0,1
189.11,23.96,0,1
189.24,23.96,0,1
189.37,23.96,0,1
189.5,23.96,0,1
189.63,23.96,0,1
189.77,23.96,0,1
189.9,23.96,0,1
190.03,23.96,0,1
190.16,23.96,0,1
190.3,23.96,0,1
190.43,23.96,0,1
190.56,23.96,0,1
190.69,23.96,0,1
190.82,23.96,0,1
190.96,23.96,0,1
191.09,23.96,0,1
191.22,23.96,0,1
191.35,23.96,0,1
191.48,23.96,0,1
191.62,23.96,0,1
191.75,23.96,0,1
191.88,23.96,0,1
192.01,23.96,0,1
192.14,23.96,0,1
192.28,23.96,0,1
192.41,23.96,0,1
192.54,23.96,0,1
192.67,23.96,0,1
192.8,23.96,0,1
192.94,23.96,0,1
193.07,23.96,0,1
193.2,23.96,0,1
193.33,23.96,0,1
193.47,23.96,0,1
193.6,23.96,0,1
193.73,23.96,0,1
193.86,23.96,0,1
193.99,23.96,0,1
194.13,23.96,0,1
194.26,23.96,0,1
194.39,23.96,0,1
194.52,23.96,0,1
194.65,23.96,0,1
194.79,23.96,0,1
194.92,23.96,0,1
195.05,23.96,0,1
195.18,23.96,0,1
195.31,23.96,0,1
195.45,23.96,0,1
195.58,23.96,0,1
195.71,23.96,0,1
195.84,23.96,0,1
195.98,23.96,0,1
196.11,23.96,0,1
196.24,23.96,0,1
196.37,23.96,0,1
196.5,23.96,0,1
196.63,23.96,0,1
196.77,23.96,0,1
196.9,23.96,0,1
197.03,23.96,0,1
197.16,23.96,0,1
197.3,23.96,0,1
197.43,23.96,0,1
197.56,23.96,0,1
197.69,23.96,0,1
197.82,23.95,0,1
197.96,23.96,0,1
198.09,23.96,0,1
198.22,23.96,0,1
198.35,23.96,0,1
198.48,23.96,0,1
198.62,23.96,0,1
198.75,23.96,0,1
198.88,23.96,0,1
199.01,23.96,0,1
199.15,23.95,0,1
199.28,23.96,0,1
199.41,23.96,0,1
199.54,23.96,0,1
199.67,23.96,0,1
199.8,23.96,0,1
199.94,23.96,0,1
200.07,23.96,0,1
200.2,23.95,0,1
200.33,23.96,0,1
200.47,23.96,0,1
200.6,23.96,0,1
200.73,23.96,0,1
200.86,23.96,0,1
200.99,23.96,0,1
201.13,23.96,0,1
201.26,23.95,0,1
201.39,23.95,0,1
201.52,23.95,0,1
201.66,23.95,0,1
201.79,23.96,0,1
201.92,23.96,0,1
202.05,23.96,0,1
202.18,23.96,0,1
202.32,23.95,0,1
202.45,23.96,0,1
202.58,23.96,0,1
202.71,23.95,0,1
202.84,23.95,0,1
202.98,23.96,0,1
203.11,23.95,0,1
203.24,23.95,0,1
203.37,23.95,0,1
203.5,23.95,0,1
203.64,23.95,0,1
203.77,23.95,0,1
203.9,23.95,0,1
204.03,23.95,0,1
204.16,23.95,0,1
204.3,23.95,0,1
204.43,23.95,0,1
204.56,23.95,0,1
204.69,23.95,0,1
204.83,23.95,0,1
204.96,23.95,0,1
205.09,23.95,0,1
205.22,23.95,0,1
205.35,23.95,0,1
205.49,23.95,0,1
205.62,23.95,0,1
205.75,23.95,0,1
205.88,23.95,0,1
206.01,23.95,0,1
206.15,23.95,0,1
206.28,23.95,0,1
206.41,23.95,0,1
206.54,23.95,0,1
206.67,23.95,0,1
206.81,23.95,0,1
206.94,23.95,0,1
207.07,23.95,0,1
207.2,23.95,0,1
207.34,23.95,0,1
207.47,23.95,0,1
207.6,23.95,0,1
207.73,23.95,0,1
207.86,23.95,0,1
208.0,23.95,0,1
208.13,23.95,0,1
208.26,23.95,0,1
208.39,23.95,0,1
208.52,23.95,0,1
208.66,23.95,0,1
208.79,23.95,0,1
208.92,23.95,0,1
209.05,23.95,0,1
209.18,23.95,0,1
209.32,23.95,0,1
209.45,23.95,0,1
209.58,23.95,0,1
209.71,23.95,0,1
209.85,23.95,0,1
209.98,23.95,0,1
210.11,23.94,0,1
210.24,23.94,0,1
210.37,23.95,0,1
210.51,23.95,0,1
210.64,23.94,0,1
210.77,23.95,0,1
210.9,23.94,0,1
211.03,23.94,0,1
211.17,23.95,0,1
211.3,23.94,0,1
211.43,23.94,0,1
211.56,23.94,0,1
211.69,23.94,0,1
211.83,23.94,0,1
211.96,23.94,0,1
212.09,23.94,0,1
212.22,23.94,0,1
212.36,23.94,0,1
212.49,23.94,0,1
212.62,23.94,0,1
212.75,23.94,0,1
212.88,23.94,0,1
213.02,23.94,0,1
213.15,23.94,0,1
213.28,23.94,0,1
213.41,23.94,0,1
213.54,23.94,0,1
213.68,23.94,0,1
213.81,23.94,0,1
213.94,23.94,0,1
214.07,23.94,0,1
214.2,23.94,0,1
214.34,23.94,0,1
214.47,23.94,0,1
214.6,23.94,0,1
214.73,23.94,0,1
214.86,23.94,0,1
215.0,23.94,0,1
215.13,23.94,0,1
215.26,23.94,0,1
215.39,23.94,0,1
215.52,23.94,0,1
215.66,23.94,0,1
215.79,23.94,0,1
215.92,23.94,0,1
216.05,23.94,0,1
216.19,23.94,0,1
216.32,23.94,0,1
216.45,23.94,0,1
216.58,23.94,0,1
